SNP	Proxy	Distance	RSquared	DPrime	Chromosome	Coordinate_HG18
rs16848462	rs16848462	0	1.000	1.000	chr1	199604730
rs16848462	rs6427901	2706	1.000	1.000	chr1	199607436
rs16848462	rs75826050	6380	1.000	1.000	chr1	199611110
rs16848462	rs79428841	7346	1.000	1.000	chr1	199612076
rs16848462	rs12567686	2094	0.850	1.000	chr1	199606824
rs16848462	rs80148998	7838	0.850	1.000	chr1	199612568
rs16848462	rs2799686	9208	0.850	1.000	chr1	199613938
rs16848462	rs10920187	12559	0.826	1.000	chr1	199617289
rs16848462	rs2799690	10141	0.737	1.000	chr1	199614871
rs16848462	rs946638	10155	0.737	1.000	chr1	199614885
rs16848462	rs946639	10156	0.649	1.000	chr1	199614886
rs10800776	rs10800776	0	1.000	1.000	chr1	199605176
rs10800776	rs1419276	827	1.000	1.000	chr1	199606003
rs10800776	rs868407	2788	1.000	1.000	chr1	199607964
rs10800776	rs12049476	490	0.796	1.000	N/A	N/A
rs10800776	rs10920183	33	0.767	1.000	chr1	199605209
rs10800776	rs10920184	343	0.767	1.000	chr1	199605519
rs10800776	rs4915240	1943	0.767	1.000	chr1	199607119
rs10800776	rs947486	6651	0.767	1.000	chr1	199611827
rs10800776	rs947485	6799	0.767	1.000	chr1	199611975
rs10800776	rs4915232	9393	0.643	1.000	chr1	199614569
rs10800776	rs1539693	4309	0.560	1.000	chr1	199609485
rs10800776	rs6703957	11172	0.556	0.947	chr1	199616348
rs10920183	rs10920183	0	1.000	1.000	chr1	199605209
rs10920183	rs10920184	310	1.000	1.000	chr1	199605519
rs10920183	rs4915240	1910	1.000	1.000	chr1	199607119
rs10920183	rs947486	6618	1.000	1.000	chr1	199611827
rs10920183	rs947485	6766	1.000	1.000	chr1	199611975
rs10920183	rs12049476	457	0.964	1.000	N/A	N/A
rs10920183	rs4915232	9360	0.838	1.000	chr1	199614569
rs10920183	rs10800776	33	0.767	1.000	chr1	199605176
rs10920183	rs1419276	794	0.767	1.000	chr1	199606003
rs10920183	rs868407	2755	0.767	1.000	chr1	199607964
rs10920183	rs6703957	11139	0.743	0.958	chr1	199616348
rs10920183	rs1539693	4276	0.730	1.000	chr1	199609485
rs10920184	rs10920184	0	1.000	1.000	chr1	199605519
rs10920184	rs10920183	310	1.000	1.000	chr1	199605209
rs10920184	rs4915240	1600	1.000	1.000	chr1	199607119
rs10920184	rs947486	6308	1.000	1.000	chr1	199611827
rs10920184	rs947485	6456	1.000	1.000	chr1	199611975
rs10920184	rs12049476	147	0.964	1.000	N/A	N/A
rs10920184	rs4915232	9050	0.838	1.000	chr1	199614569
rs10920184	rs10800776	343	0.767	1.000	chr1	199605176
rs10920184	rs1419276	484	0.767	1.000	chr1	199606003
rs10920184	rs868407	2445	0.767	1.000	chr1	199607964
rs10920184	rs6703957	10829	0.743	0.958	chr1	199616348
rs10920184	rs1539693	3966	0.730	1.000	chr1	199609485
rs45584633	rs45584633	0	1.000	1.000	chr1	199605667
rs45584633	rs2275866	12377	0.792	0.890	chr1	199618044
rs45584633	rs3020556	4071	0.551	1.000	chr1	199609738
rs45584633	rs12564445	6443	0.551	1.000	chr1	199612110
rs1419276	rs1419276	0	1.000	1.000	chr1	199606003
rs1419276	rs10800776	827	1.000	1.000	chr1	199605176
rs1419276	rs868407	1961	1.000	1.000	chr1	199607964
rs1419276	rs12049476	337	0.796	1.000	N/A	N/A
rs1419276	rs10920184	484	0.767	1.000	chr1	199605519
rs1419276	rs10920183	794	0.767	1.000	chr1	199605209
rs1419276	rs4915240	1116	0.767	1.000	chr1	199607119
rs1419276	rs947486	5824	0.767	1.000	chr1	199611827
rs1419276	rs947485	5972	0.767	1.000	chr1	199611975
rs1419276	rs4915232	8566	0.643	1.000	chr1	199614569
rs1419276	rs1539693	3482	0.560	1.000	chr1	199609485
rs1419276	rs6703957	10345	0.556	0.947	chr1	199616348
rs12567686	rs12567686	0	1.000	1.000	chr1	199606824
rs12567686	rs6427901	612	0.850	1.000	chr1	199607436
rs12567686	rs16848462	2094	0.850	1.000	chr1	199604730
rs12567686	rs75826050	4286	0.850	1.000	chr1	199611110
rs12567686	rs79428841	5252	0.850	1.000	chr1	199612076
rs12567686	rs80148998	5744	0.717	0.847	chr1	199612568
rs12567686	rs2799686	7114	0.717	0.847	chr1	199613938
rs12567686	rs10920187	10465	0.702	1.000	chr1	199617289
rs12567686	rs2799690	8047	0.618	0.844	chr1	199614871
rs12567686	rs946638	8061	0.618	0.844	chr1	199614885
rs12567686	rs946639	8062	0.541	0.841	chr1	199614886
rs4915240	rs4915240	0	1.000	1.000	chr1	199607119
rs4915240	rs10920184	1600	1.000	1.000	chr1	199605519
rs4915240	rs10920183	1910	1.000	1.000	chr1	199605209
rs4915240	rs947486	4708	1.000	1.000	chr1	199611827
rs4915240	rs947485	4856	1.000	1.000	chr1	199611975
rs4915240	rs12049476	1453	0.964	1.000	N/A	N/A
rs4915240	rs4915232	7450	0.838	1.000	chr1	199614569
rs4915240	rs868407	845	0.767	1.000	chr1	199607964
rs4915240	rs1419276	1116	0.767	1.000	chr1	199606003
rs4915240	rs10800776	1943	0.767	1.000	chr1	199605176
rs4915240	rs6703957	9229	0.743	0.958	chr1	199616348
rs4915240	rs1539693	2366	0.730	1.000	chr1	199609485
rs6427901	rs6427901	0	1.000	1.000	chr1	199607436
rs6427901	rs16848462	2706	1.000	1.000	chr1	199604730
rs6427901	rs75826050	3674	1.000	1.000	chr1	199611110
rs6427901	rs79428841	4640	1.000	1.000	chr1	199612076
rs6427901	rs12567686	612	0.850	1.000	chr1	199606824
rs6427901	rs80148998	5132	0.850	1.000	chr1	199612568
rs6427901	rs2799686	6502	0.850	1.000	chr1	199613938
rs6427901	rs10920187	9853	0.826	1.000	chr1	199617289
rs6427901	rs2799690	7435	0.737	1.000	chr1	199614871
rs6427901	rs946638	7449	0.737	1.000	chr1	199614885
rs6427901	rs946639	7450	0.649	1.000	chr1	199614886
rs868407	rs868407	0	1.000	1.000	chr1	199607964
rs868407	rs1419276	1961	1.000	1.000	chr1	199606003
rs868407	rs10800776	2788	1.000	1.000	chr1	199605176
rs868407	rs12049476	2298	0.796	1.000	N/A	N/A
rs868407	rs4915240	845	0.767	1.000	chr1	199607119
rs868407	rs10920184	2445	0.767	1.000	chr1	199605519
rs868407	rs10920183	2755	0.767	1.000	chr1	199605209
rs868407	rs947486	3863	0.767	1.000	chr1	199611827
rs868407	rs947485	4011	0.767	1.000	chr1	199611975
rs868407	rs4915232	6605	0.643	1.000	chr1	199614569
rs868407	rs1539693	1521	0.560	1.000	chr1	199609485
rs868407	rs6703957	8384	0.556	0.947	chr1	199616348
rs12567382	rs12567382	0	1.000	1.000	chr1	199609183
rs12567382	rs56982832	784	1.000	1.000	chr1	199609967
rs12567382	rs59982007	805	1.000	1.000	chr1	199609988
rs12567382	rs12568802	2061	1.000	1.000	chr1	199611244
rs12567382	rs12563097	2086	1.000	1.000	chr1	199611269
rs12567382	rs12564416	2512	1.000	1.000	chr1	199611695
rs1539693	rs1539693	0	1.000	1.000	chr1	199609485
rs1539693	rs4915232	5084	0.741	0.922	chr1	199614569
rs1539693	rs947486	2342	0.730	1.000	chr1	199611827
rs1539693	rs4915240	2366	0.730	1.000	chr1	199607119
rs1539693	rs947485	2490	0.730	1.000	chr1	199611975
rs1539693	rs10920184	3966	0.730	1.000	chr1	199605519
rs1539693	rs10920183	4276	0.730	1.000	chr1	199605209
rs1539693	rs6703957	6863	0.708	0.886	chr1	199616348
rs1539693	rs12049476	3819	0.704	1.000	N/A	N/A
rs1539693	rs868407	1521	0.560	1.000	chr1	199607964
rs1539693	rs1419276	3482	0.560	1.000	chr1	199606003
rs1539693	rs10800776	4309	0.560	1.000	chr1	199605176
rs3020556	rs3020556	0	1.000	1.000	chr1	199609738
rs3020556	rs12564445	2372	1.000	1.000	chr1	199612110
rs3020556	rs45584633	4071	0.551	1.000	chr1	199605667
rs3020556	rs2275866	8306	0.551	1.000	chr1	199618044
rs61820016	rs61820016	0	1.000	1.000	chr1	199609951
rs56982832	rs56982832	0	1.000	1.000	chr1	199609967
rs56982832	rs59982007	21	1.000	1.000	chr1	199609988
rs56982832	rs12567382	784	1.000	1.000	chr1	199609183
rs56982832	rs12568802	1277	1.000	1.000	chr1	199611244
rs56982832	rs12563097	1302	1.000	1.000	chr1	199611269
rs56982832	rs12564416	1728	1.000	1.000	chr1	199611695
rs59982007	rs59982007	0	1.000	1.000	chr1	199609988
rs59982007	rs56982832	21	1.000	1.000	chr1	199609967
rs59982007	rs12567382	805	1.000	1.000	chr1	199609183
rs59982007	rs12568802	1256	1.000	1.000	chr1	199611244
rs59982007	rs12563097	1281	1.000	1.000	chr1	199611269
rs59982007	rs12564416	1707	1.000	1.000	chr1	199611695
rs16848481	rs16848481	0	1.000	1.000	chr1	199610626
rs75826050	rs75826050	0	1.000	1.000	chr1	199611110
rs75826050	rs79428841	966	1.000	1.000	chr1	199612076
rs75826050	rs6427901	3674	1.000	1.000	chr1	199607436
rs75826050	rs16848462	6380	1.000	1.000	chr1	199604730
rs75826050	rs80148998	1458	0.850	1.000	chr1	199612568
rs75826050	rs2799686	2828	0.850	1.000	chr1	199613938
rs75826050	rs12567686	4286	0.850	1.000	chr1	199606824
rs75826050	rs10920187	6179	0.826	1.000	chr1	199617289
rs75826050	rs2799690	3761	0.737	1.000	chr1	199614871
rs75826050	rs946638	3775	0.737	1.000	chr1	199614885
rs75826050	rs946639	3776	0.649	1.000	chr1	199614886
rs79833614	rs79833614	0	1.000	1.000	chr1	199611209
rs12568802	rs12568802	0	1.000	1.000	chr1	199611244
rs12568802	rs12563097	25	1.000	1.000	chr1	199611269
rs12568802	rs12564416	451	1.000	1.000	chr1	199611695
rs12568802	rs59982007	1256	1.000	1.000	chr1	199609988
rs12568802	rs56982832	1277	1.000	1.000	chr1	199609967
rs12568802	rs12567382	2061	1.000	1.000	chr1	199609183
rs12563097	rs12563097	0	1.000	1.000	chr1	199611269
rs12563097	rs12568802	25	1.000	1.000	chr1	199611244
rs12563097	rs12564416	426	1.000	1.000	chr1	199611695
rs12563097	rs59982007	1281	1.000	1.000	chr1	199609988
rs12563097	rs56982832	1302	1.000	1.000	chr1	199609967
rs12563097	rs12567382	2086	1.000	1.000	chr1	199609183
rs12564416	rs12564416	0	1.000	1.000	chr1	199611695
rs12564416	rs12563097	426	1.000	1.000	chr1	199611269
rs12564416	rs12568802	451	1.000	1.000	chr1	199611244
rs12564416	rs59982007	1707	1.000	1.000	chr1	199609988
rs12564416	rs56982832	1728	1.000	1.000	chr1	199609967
rs12564416	rs12567382	2512	1.000	1.000	chr1	199609183
rs947486	rs947486	0	1.000	1.000	chr1	199611827
rs947486	rs947485	148	1.000	1.000	chr1	199611975
rs947486	rs4915240	4708	1.000	1.000	chr1	199607119
rs947486	rs10920184	6308	1.000	1.000	chr1	199605519
rs947486	rs10920183	6618	1.000	1.000	chr1	199605209
rs947486	rs12049476	6161	0.964	1.000	N/A	N/A
rs947486	rs4915232	2742	0.838	1.000	chr1	199614569
rs947486	rs868407	3863	0.767	1.000	chr1	199607964
rs947486	rs1419276	5824	0.767	1.000	chr1	199606003
rs947486	rs10800776	6651	0.767	1.000	chr1	199605176
rs947486	rs6703957	4521	0.743	0.958	chr1	199616348
rs947486	rs1539693	2342	0.730	1.000	chr1	199609485
rs947485	rs947485	0	1.000	1.000	chr1	199611975
rs947485	rs947486	148	1.000	1.000	chr1	199611827
rs947485	rs4915240	4856	1.000	1.000	chr1	199607119
rs947485	rs10920184	6456	1.000	1.000	chr1	199605519
rs947485	rs10920183	6766	1.000	1.000	chr1	199605209
rs947485	rs12049476	6309	0.964	1.000	N/A	N/A
rs947485	rs4915232	2594	0.838	1.000	chr1	199614569
rs947485	rs868407	4011	0.767	1.000	chr1	199607964
rs947485	rs1419276	5972	0.767	1.000	chr1	199606003
rs947485	rs10800776	6799	0.767	1.000	chr1	199605176
rs947485	rs6703957	4373	0.743	0.958	chr1	199616348
rs947485	rs1539693	2490	0.730	1.000	chr1	199609485
rs79428841	rs79428841	0	1.000	1.000	chr1	199612076
rs79428841	rs75826050	966	1.000	1.000	chr1	199611110
rs79428841	rs6427901	4640	1.000	1.000	chr1	199607436
rs79428841	rs16848462	7346	1.000	1.000	chr1	199604730
rs79428841	rs80148998	492	0.850	1.000	chr1	199612568
rs79428841	rs2799686	1862	0.850	1.000	chr1	199613938
rs79428841	rs12567686	5252	0.850	1.000	chr1	199606824
rs79428841	rs10920187	5213	0.826	1.000	chr1	199617289
rs79428841	rs2799690	2795	0.737	1.000	chr1	199614871
rs79428841	rs946638	2809	0.737	1.000	chr1	199614885
rs79428841	rs946639	2810	0.649	1.000	chr1	199614886
rs12564445	rs12564445	0	1.000	1.000	chr1	199612110
rs12564445	rs3020556	2372	1.000	1.000	chr1	199609738
rs12564445	rs2275866	5934	0.551	1.000	chr1	199618044
rs12564445	rs45584633	6443	0.551	1.000	chr1	199605667
rs80148998	rs80148998	0	1.000	1.000	chr1	199612568
rs80148998	rs2799686	1370	1.000	1.000	chr1	199613938
rs80148998	rs2799690	2303	0.867	1.000	chr1	199614871
rs80148998	rs946638	2317	0.867	1.000	chr1	199614885
rs80148998	rs79428841	492	0.850	1.000	chr1	199612076
rs80148998	rs75826050	1458	0.850	1.000	chr1	199611110
rs80148998	rs6427901	5132	0.850	1.000	chr1	199607436
rs80148998	rs16848462	7838	0.850	1.000	chr1	199604730
rs80148998	rs946639	2318	0.764	1.000	chr1	199614886
rs80148998	rs12567686	5744	0.717	0.847	chr1	199606824
rs80148998	rs10920187	4721	0.702	1.000	chr1	199617289
rs80148998	rs6679578	3671	0.571	0.820	chr1	199616239
rs45529540	rs45529540	0	1.000	1.000	chr1	199613671
rs45529540	rs72737636	5032	1.000	1.000	chr1	199618703
rs45529540	rs57628212	2622	0.661	1.000	chr1	199616293
rs45529540	rs16848493	3034	0.661	1.000	chr1	199616705
rs2799686	rs2799686	0	1.000	1.000	chr1	199613938
rs2799686	rs80148998	1370	1.000	1.000	chr1	199612568
rs2799686	rs2799690	933	0.867	1.000	chr1	199614871
rs2799686	rs946638	947	0.867	1.000	chr1	199614885
rs2799686	rs79428841	1862	0.850	1.000	chr1	199612076
rs2799686	rs75826050	2828	0.850	1.000	chr1	199611110
rs2799686	rs6427901	6502	0.850	1.000	chr1	199607436
rs2799686	rs16848462	9208	0.850	1.000	chr1	199604730
rs2799686	rs946639	948	0.764	1.000	chr1	199614886
rs2799686	rs12567686	7114	0.717	0.847	chr1	199606824
rs2799686	rs10920187	3351	0.702	1.000	chr1	199617289
rs2799686	rs6679578	2301	0.571	0.820	chr1	199616239
rs116601775	rs116601775	0	1.000	1.000	chr1	199614285
rs4915232	rs4915232	0	1.000	1.000	chr1	199614569
rs4915232	rs6703957	1779	0.898	0.964	chr1	199616348
rs4915232	rs947485	2594	0.838	1.000	chr1	199611975
rs4915232	rs947486	2742	0.838	1.000	chr1	199611827
rs4915232	rs4915240	7450	0.838	1.000	chr1	199607119
rs4915232	rs10920184	9050	0.838	1.000	chr1	199605519
rs4915232	rs10920183	9360	0.838	1.000	chr1	199605209
rs4915232	rs12049476	8903	0.808	1.000	N/A	N/A
rs4915232	rs1539693	5084	0.741	0.922	chr1	199609485
rs4915232	rs868407	6605	0.643	1.000	chr1	199607964
rs4915232	rs1419276	8566	0.643	1.000	chr1	199606003
rs4915232	rs10800776	9393	0.643	1.000	chr1	199605176
rs4915232	rs2799687	97	0.500	1.000	chr1	199614666
rs4915232	rs2799688	99	0.500	1.000	chr1	199614668
rs4915232	rs2799689	299	0.500	1.000	chr1	199614868
rs4915232	rs2799691	397	0.500	1.000	chr1	199614966
rs2799687	rs2799687	0	1.000	1.000	chr1	199614666
rs2799687	rs2799688	2	1.000	1.000	chr1	199614668
rs2799687	rs2799689	202	1.000	1.000	chr1	199614868
rs2799687	rs2799691	300	1.000	1.000	chr1	199614966
rs2799687	rs4915232	97	0.500	1.000	chr1	199614569
rs2799688	rs2799688	0	1.000	1.000	chr1	199614668
rs2799688	rs2799687	2	1.000	1.000	chr1	199614666
rs2799688	rs2799689	200	1.000	1.000	chr1	199614868
rs2799688	rs2799691	298	1.000	1.000	chr1	199614966
rs2799688	rs4915232	99	0.500	1.000	chr1	199614569
rs2799689	rs2799689	0	1.000	1.000	chr1	199614868
rs2799689	rs2799691	98	1.000	1.000	chr1	199614966
rs2799689	rs2799688	200	1.000	1.000	chr1	199614668
rs2799689	rs2799687	202	1.000	1.000	chr1	199614666
rs2799689	rs4915232	299	0.500	1.000	chr1	199614569
rs2799690	rs2799690	0	1.000	1.000	chr1	199614871
rs2799690	rs946638	14	1.000	1.000	chr1	199614885
rs2799690	rs946639	15	0.881	1.000	chr1	199614886
rs2799690	rs2799686	933	0.867	1.000	chr1	199613938
rs2799690	rs80148998	2303	0.867	1.000	chr1	199612568
rs2799690	rs79428841	2795	0.737	1.000	chr1	199612076
rs2799690	rs75826050	3761	0.737	1.000	chr1	199611110
rs2799690	rs6427901	7435	0.737	1.000	chr1	199607436
rs2799690	rs16848462	10141	0.737	1.000	chr1	199604730
rs2799690	rs12567686	8047	0.618	0.844	chr1	199606824
rs2799690	rs10920187	2418	0.609	1.000	chr1	199617289
rs946638	rs946638	0	1.000	1.000	chr1	199614885
rs946638	rs2799690	14	1.000	1.000	chr1	199614871
rs946638	rs946639	1	0.881	1.000	chr1	199614886
rs946638	rs2799686	947	0.867	1.000	chr1	199613938
rs946638	rs80148998	2317	0.867	1.000	chr1	199612568
rs946638	rs79428841	2809	0.737	1.000	chr1	199612076
rs946638	rs75826050	3775	0.737	1.000	chr1	199611110
rs946638	rs6427901	7449	0.737	1.000	chr1	199607436
rs946638	rs16848462	10155	0.737	1.000	chr1	199604730
rs946638	rs12567686	8061	0.618	0.844	chr1	199606824
rs946638	rs10920187	2404	0.609	1.000	chr1	199617289
rs946639	rs946639	0	1.000	1.000	chr1	199614886
rs946639	rs946638	1	0.881	1.000	chr1	199614885
rs946639	rs2799690	15	0.881	1.000	chr1	199614871
rs946639	rs2799686	948	0.764	1.000	chr1	199613938
rs946639	rs80148998	2318	0.764	1.000	chr1	199612568
rs946639	rs79428841	2810	0.649	1.000	chr1	199612076
rs946639	rs75826050	3776	0.649	1.000	chr1	199611110
rs946639	rs6427901	7450	0.649	1.000	chr1	199607436
rs946639	rs16848462	10156	0.649	1.000	chr1	199604730
rs946639	rs12567686	8062	0.541	0.841	chr1	199606824
rs946639	rs10920187	2403	0.536	1.000	chr1	199617289
rs2799691	rs2799691	0	1.000	1.000	chr1	199614966
rs2799691	rs2799689	98	1.000	1.000	chr1	199614868
rs2799691	rs2799688	298	1.000	1.000	chr1	199614668
rs2799691	rs2799687	300	1.000	1.000	chr1	199614666
rs2799691	rs4915232	397	0.500	1.000	chr1	199614569
rs116685607	rs116685607	0	1.000	1.000	chr1	199615295
rs116685607	rs78719385	1069	1.000	1.000	chr1	199616364
rs6679578	rs6679578	0	1.000	1.000	chr1	199616239
rs6679578	rs2799686	2301	0.571	0.820	chr1	199613938
rs6679578	rs80148998	3671	0.571	0.820	chr1	199612568
rs57628212	rs57628212	0	1.000	1.000	chr1	199616293
rs57628212	rs72737636	2410	0.661	1.000	chr1	199618703
rs57628212	rs45529540	2622	0.661	1.000	chr1	199613671
rs6703957	rs6703957	0	1.000	1.000	chr1	199616348
rs6703957	rs4915232	1779	0.898	0.964	chr1	199614569
rs6703957	rs947485	4373	0.743	0.958	chr1	199611975
rs6703957	rs947486	4521	0.743	0.958	chr1	199611827
rs6703957	rs4915240	9229	0.743	0.958	chr1	199607119
rs6703957	rs10920184	10829	0.743	0.958	chr1	199605519
rs6703957	rs10920183	11139	0.743	0.958	chr1	199605209
rs6703957	rs12049476	10682	0.714	0.957	N/A	N/A
rs6703957	rs1539693	6863	0.708	0.886	chr1	199609485
rs6703957	rs868407	8384	0.556	0.947	chr1	199607964
rs6703957	rs1419276	10345	0.556	0.947	chr1	199606003
rs6703957	rs10800776	11172	0.556	0.947	chr1	199605176
rs78719385	rs78719385	0	1.000	1.000	chr1	199616364
rs78719385	rs116685607	1069	1.000	1.000	chr1	199615295
rs16848493	rs16848493	0	1.000	1.000	chr1	199616705
rs16848493	rs72737636	1998	0.661	1.000	chr1	199618703
rs16848493	rs45529540	3034	0.661	1.000	chr1	199613671
rs10920187	rs10920187	0	1.000	1.000	chr1	199617289
rs10920187	rs79428841	5213	0.826	1.000	chr1	199612076
rs10920187	rs75826050	6179	0.826	1.000	chr1	199611110
rs10920187	rs6427901	9853	0.826	1.000	chr1	199607436
rs10920187	rs16848462	12559	0.826	1.000	chr1	199604730
rs10920187	rs2799686	3351	0.702	1.000	chr1	199613938
rs10920187	rs80148998	4721	0.702	1.000	chr1	199612568
rs10920187	rs12567686	10465	0.702	1.000	chr1	199606824
rs10920187	rs946638	2404	0.609	1.000	chr1	199614885
rs10920187	rs2799690	2418	0.609	1.000	chr1	199614871
rs10920187	rs946639	2403	0.536	1.000	chr1	199614886
rs16848494	rs16848494	0	1.000	1.000	chr1	199617606
rs2275866	rs2275866	0	1.000	1.000	chr1	199618044
rs2275866	rs45584633	12377	0.792	0.890	chr1	199605667
rs2275866	rs12564445	5934	0.551	1.000	chr1	199612110
rs2275866	rs3020556	8306	0.551	1.000	chr1	199609738
rs72737636	rs72737636	0	1.000	1.000	chr1	199618703
rs72737636	rs45529540	5032	1.000	1.000	chr1	199613671
rs72737636	rs16848493	1998	0.661	1.000	chr1	199616705
rs72737636	rs57628212	2410	0.661	1.000	chr1	199616293
